0x803d30,Name value,Description value,Character Number,Class (support viewer only),Portrait (Zero is Default),Mini Portrait (Zero is Default),Affinity,Units Screen Priority,Level,Base HP,Base Strength/Magic,Base Skill,Base Speed,Base Defense,Base Resistance,Base Luck,Constitution Bonus,Sword Level,Lance Level,Axe Level,Bow Level,Staff Level,Anima Level,Light Level,Dark Level,HP Growth,Strength/Magic Growth,Skill Growth,Speed Growth,Defense Growth,Magic Defense Growth,Luck Growth,***UNKNOWN*** (Zero),***UNKNOWN*** (Zero),***UNKNOWN*** (Zero),***UNKNOWN*** (Zero),***UNKNOWN*** (Zero),Character Ability 1,Character Ability 2,Character Ability 3,Character Ability 4,Supports Data Pointer,***UNKNOWN***,***UNKNOWN*** (Zero),***UNKNOWN*** (Zero),***UNKNOWN*** (Zero)
None,0x0,0x19,0x1b,0x0,0x1d,0x1f,0,0x0,33,0,35,0,37,0,39,0,0,41,0,43,0,45,0,47,0,0,49,0,51,0,5,4,0x2,0x4,0x1c,0x3,0x0,0x7,0xf0,0x1,0xf0,0x3018001,0x4,0x0,0x0,0x0
Sigurd ,SigurdName,SigurdDesc,0x1,LordKnight,SigurdMug,0x0,6,0x1,30,45,22,19,20,14,4,17,0,SRank,BRank,0,0,0,0,0,0,110,50,50,30,40,5,40,0x0,0x0,0x0,0x0,0x0,0x0,IsLord,0x0,0x0,SigurdSupports|IsPointer,0x7,0x0,0x0,0x0
Noish,NoishName,NoishDesc,0x2,Paladin,NoishMug,0x0,7,0x3,16,23,11,9,6,7,1,7,0,CRank,DRank,0,0,0,0,0,0,80,40,30,20,40,5,20,0x0,0x0,0x0,0x0,0x0,0x0,0x0,TriangleAttack,0x0,NoishSupports|IsPointer,0x3,0x0,0x0,0x0
Alec,AlecName,AlecDesc,0x3,Paladin,AlecMug,0x0,2,0x7,16,22,8,13,9,5,1,5,0,DRank,CRank,0,0,0,0,0,0,70,30,40,30,30,5,30,0x0,0x0,0x0,0x0,0x0,0x0,0x0,TriangleAttack,0x0,AlecSupports|IsPointer,0x4,0x0,0x0,0x0
Arden,ArdenName,ArdenDesc,0x4,General,ArdenMug,0x0,6,0x6,17,33,16,3,6,11,0,4,1,CRank,0,0,0,0,0,0,0,90,50,10,20,40,5,10,0x0,0x0,0x0,0x0,0x0,0x0,0x0,TriangleAttack,0x0,ArdenSupports|IsPointer,0x3,0x0,0x0,0x0
Lex,LexName,LexDesc,0x5,GreatKnight,LexMug,0x0,7,0x8,30,38,22,13,13,20,4,13,0,0,0,ARank,0,0,0,0,0,70,40,50,40,25,25,20,0x0,0x0,0x0,0x0,0x0,0x0,0x0,0x0,0x0,LexSupports|IsPointer,0x4,0x0,0x0,0x0
Azel,AzelName,AzelDesc,0x6,MageKnight,AzelMug,0x0,7,0x9,13,22,0,7,12,1,4,4,-1,0,0,0,0,0,CRank,0,0,70,10,20,50,20,10,20,0x0,0x0,0x0,0x0,0x0,0x0,0x0,0x0,0x0,AzelSupports|IsPointer,0xa,0x0,0x0,0x0
Cuan,CuanName,CuanDesc,0x7,Paladin,CuanMug,0x0,3,0xa,3,21,11,11,9,3,2,8,2,0,0,0,0,BRank,ARank,0,0,45,60,60,50,15,60,40,0x0,0x0,0x0,0x0,0x0,0x0,0x0,0x0,0x0,CuanSupports|IsPointer,0x5,0x0,0x0,0x0
Ethlin ,EthlinName,EthlinDesc,0x8,Valkyrie,EthlinMug,0x0,1,0xb,5,28,16,9,11,4,2,6,1,ARank,BRank,0,0,0,0,0,0,70,35,10,60,25,5,50,0x0,0x0,0x0,0x0,0x0,0x0,IsFemale,0x0,0x0,EthlinSupports|IsPointer,0x7,0x0,0x0,0x0
Fin ,FinName,FinDesc,0x9,Paladin,FinMug,0x0,6,0xc,2,32,17,10,8,13,12,8,0,0,0,0,0,0,SRank,0,0,70,30,40,30,30,5,50,0x0,0x0,0x0,0x0,0x0,0x0,0x0,0x0,0x0,FinSupports|IsPointer,0x0,0x0,0x0,0x0
Midir ,MidirName,MidirDesc,0xa,Ranger,MidirMug,0x0,1,0xd,13,23,10,6,8,6,1,4,0,0,0,0,BRank,0,0,0,0,60,30,30,40,30,5,10,0x0,0x0,0x0,0x0,0x0,0x0,0x0,0x0,0x0,MidirSupports|IsPointer,0x1,0x0,0x0,0x0
Aideen ,AideenName,AideenDesc,0xb,Bishop_F,AideenMug,0x0,4,0x14,30,28,0,11,15,6,3,27,0,0,0,0,0,ARank,DRank,0,0,70,20,20,30,20,5,60,0x0,0x0,0x0,0x0,0x0,0x0,IsFemale,0x0,0x0,AideenSupports|IsPointer,0x0,0x0,0x0,0x0
Dew ,DewName,DewDesc,0xc,Rogue,DewMug,0x0,7,0xf,12,18,4,9,9,3,1,16,1,DRank,0,0,0,0,0,0,0,50,40,40,40,40,10,40,0x0,0x0,0x0,0x0,0x0,0x0,0x0,0x0,0x0,DewSupports|IsPointer,0x7,0x0,0x0,0x0
Aira ,AiraName,AiraDesc,0xd,Swordmaster_F,AiraMug,0x0,1,0x10,29,31,17,19,18,10,2,8,0,ARank,0,0,0,0,0,0,0,70,30,60,30,20,5,20,0x0,0x0,0x0,0x0,0x0,0x0,IsFemale,0x0,0x0,AiraSupports|IsPointer,0xa,0x0,0x0,0x0
Jamka ,JamkaName,JamkaDesc,0xe,Sniper,JamkaMug,0x0,1,0x1f,27,34,15,3,10,9,1,12,-1,0,0,0,ARank,0,0,0,0,90,50,10,30,30,5,30,0x0,0x0,0x0,0x0,0x0,0x0,0x0,0x0,0x0,JamkaSupports|IsPointer,0x0,0x0,0x0,0x0
Deirdre,DeirdreName,DeirdreDesc,0xf,Shaman_F,DeirdreMug,0x0,1,0x1,10,16,0,9,11,5,15,7,0,0,0,0,0,BRank,0,SRank,0,70,10,20,10,10,70,10,0x0,0x0,0x0,0x0,0x0,0x0,IsFemale,0x0,0x0,DeirdreSupports|IsPointer,0x3,0x0,0x0,0x0
Holyn ,HolynName,HolynDesc,0x10,Hero,HolynMug,0x0,3,0x5,24,13,11,14,11,10,1,3,-1,ARank,0,0,0,0,0,0,0,110,30,80,30,30,5,20,0x0,0x0,0x0,0x0,0x0,0x0,0x0,0x0,0x0,HolynSupports|IsPointer,0x3,0x0,0x0,0x0
Lachesis,LachesisName,LachesisDesc,0x11,Paladin_F,LachesisMug,0x0,5,0x5,30,20,21,15,12,14,6,16,-1,ARank,ARank,ARank,ARank,ARank,ARank,CRank,0,60,50,10,20,20,10,40,0x0,0x0,0x0,0x0,0x0,0x0,IsFemale,0x0,0x0,LachesisSupports|IsPointer,0x3,0x0,0x0,0x0
Levin ,LevinName,LevinDesc,0x12,Sage,LevinMug,0x0,4,0x4,30,36,1,15,15,7,6,12,1,0,0,0,0,BRank,SRank,CRank,0,90,10,40,90,20,10,20,0x0,0x0,0x0,0x0,0x0,0x0,0x0,0x0,0x0,LevinSupports|IsPointer,0x3,0x0,0x0,0x0
Sylvia ,SylviaName,SylviaDesc,0x13,Dancer,SylviaMug,0x0,7,0x13,17,22,2,4,5,2,8,11,0,ERank,0,0,0,0,0,0,0,50,10,10,10,10,40,30,0x0,0x0,0x0,0x0,0x0,0x0,IsFemale,0x0,0x0,SylviaSupports|IsPointer,0x7,0x0,0x0,0x0
Beowulf,BeowulfName,BeowulfDesc,0x14,Ranger,BeowulfMug,0x0,4,0x4,22,30,17,22,17,11,4,6,1,ARank,0,0,0,0,0,0,0,80,40,40,30,30,5,20,0x0,0x0,0x0,0x0,0x0,0x0,0x0,0x0,0x0,BeowulfSupports|IsPointer,0x3,0x0,0x0,0x0
Fury,FuryName,FuryDesc,0x15,FalcoKnight,FuryMug,0x0,1,0x16,25,22,8,9,11,11,3,11,-1,BRank,ARank,0,0,0,0,0,0,50,20,20,30,30,10,20,0x0,0x0,0x0,0x0,0x0,0x0,IsFemale,0x0,0x0,FurySupports|IsPointer,0x7,0x0,0x0,0x0
Briggid,BriggidName,BriggidDesc,0x16,Sniper_F,BriggidMug,0x0,4,0x17,25,33,18,20,17,7,7,16,0,0,0,0,SRank,0,0,0,0,90,30,30,20,20,5,70,0x0,0x0,0x0,0x0,0x0,0x0,IsFemale,0x0,0x0,BriggidSupports|IsPointer,0xc,0x0,0x0,0x0
Claude ,ClaudeName,ClaudeDesc,0x17,Bishop,ClaudeMug,0x0,7,0x18,30,20,0,7,10,4,10,14,0,0,0,0,0,SRank,DRank,0,0,70,10,20,30,10,50,50,0x0,0x0,0x0,0x0,0x0,0x0,0x0,0x0,0x0,ClaudeSupports|IsPointer,0x6,0x0,0x0,0x0
Tiltyu ,TiltyuName,TiltyuDesc,0x18,Sage_F,TiltyuMug,0x0,6,0x19,15,24,0,17,13,0,6,15,0,0,0,0,0,0,BRank,0,0,60,10,60,40,10,10,50,0x0,0x0,0x0,0x0,0x0,0x0,IsFemale,0x0,0x0,TiltyuSupports|IsPointer,0x5,0x0,0x0,0x0
Celice,CeliceName,CeliceDesc,0x19,LordKnight,CeliceMug,0x0,6,0x5,13,42,22,19,17,17,16,23,3,SRank,0,0,0,0,0,0,0,140,55,60,35,45,40,45,0x0,0x0,0x0,0x0,0x0,0x0,0x80,0x0,0x0,0,0x3,0x0,0x0,0x0
Lana,LanaName,LanaDesc,0x1a,Bishop_F,LanaMug,0x0,4,0x5,10,39,10,16,20,13,2,30,4,0,0,0,0,ARank,0,0,0,50,55,40,45,20,35,70,0x0,0x0,0x0,0x0,0x0,0x0,0x40,0x0,0x0,0,0x3,0x0,0x0,0x0
Skasaha,SkasahaName,SkasahaDesc,0x1b,Hero,SkaMug,0x0,4,0x4,10,30,15,15,13,15,2,18,-1,ARank,0,0,0,0,0,0,0,90,60,30,0,40,20,100,0x0,0x0,0x0,0x0,0x0,0x0,0x0,0x0,0x0,0,0x3,0x0,0x0,0x0
Lakche,LakcheName,LakcheDesc,0x1c,Swordmaster_F,LakcheMug,0x0,4,0x13,1,47,21,19,18,18,2,17,0,ARank,0,0,0,0,0,0,0,35,35,30,40,25,45,70,0x0,0x0,0x0,0x0,0x0,0x0,0x40,0x0,0x0,0,0x7,0x0,0x0,0x0
Delmud,DelmudName,DelmudDesc,0x1d,Ranger,DelmudMug,0x0,4,0x4,18,7,20,26,21,15,6,20,-2,ARank,0,0,0,0,0,0,0,90,50,40,40,35,25,255,0x0,0x0,0x0,0x0,0x0,0x0,0x40,0x0,0x0,0,0x3,0x0,0x0,0x0
Lester,LesterName,LesterDesc,0x1e,Ranger,LesterMug,0x0,4,0x16,15,42,20,18,19,16,5,25,0,0,0,0,ARank,0,0,0,0,40,35,30,40,40,45,80,0x0,0x0,0x0,0x0,0x0,0x0,0x40,0x20,0x0,0,0x7,0x0,0x0,0x0
Oifaye,OifayeName,OifayeDesc,0x1f,Paladin,OifayeMug,0x0,4,0x17,2,32,13,15,12,12,5,14,0,ARank,BRank,0,0,0,0,0,0,100,40,50,30,30,10,40,0x0,0x0,0x0,0x0,0x0,0x0,0x0,0x0,0x0,0,0xc,0x0,0x0,0x0
Julia,JuliaName,JuliaDesc,0x20,Sage_F,JuliaMug,0x0,6,0x18,2,31,26,13,23,3,21,14,1,0,0,0,0,BRank,0,SRank,0,90,10,20,30,10,50,30,0x0,0x0,0x0,0x0,0x0,0x0,0x40,0x20,0x0,0,0x6,0x0,0x0,0x0
Johan,JohanName,JohanDesc,0x21,GreatKnight,JohanMug,0x0,4,0x19,2,42,23,12,17,20,5,7,-1,0,0,ARank,0,0,0,0,0,110,40,20,50,60,5,10,0x0,0x0,0x0,0x0,0x0,0x0,0x0,0x0,0x0,0,0x5,0x0,0x0,0x0
Arthur,ArthurName,ArthurDesc,0x22,MageKnight,ArthurMug,0x0,2,0x1b,1,41,21,19,17,8,7,22,0,0,0,0,0,0,ARank,0,0,105,70,60,35,40,135,65,0x0,0x0,0x0,0x0,0x0,0x0,0x0,0x0,0x0,0,0xb,0x0,0x0,0x0
Fee,FeeName,FeeDesc,0x23,FalcoKnight,FeeMug,0x0,3,0x1c,1,19,14,14,15,13,5,17,2,BRank,ARank,0,0,0,0,0,0,85,75,50,55,40,35,30,0x0,0x0,0x0,0x0,0x0,0x0,0x0,0x0,0x0,0,0x4,0x0,0x0,0x0
Shanan,ShananName,ShananDesc,0x24,Swordmaster,ShananMug,0x0,4,0x1a,5,20,11,15,12,13,2,14,1,SRank,0,0,0,0,0,0,0,120,30,80,20,40,5,20,0x0,0x0,0x0,0x0,0x0,0x0,0x40,0x0,0x80,0,0x0,0x0,0x0,0x0
Patty,PattyName,PattyDesc,0x25,Rogue,PattyMug,0x0,4,0x1d,1,55,19,25,16,16,6,25,0,BRank,0,0,0,0,0,0,0,65,25,45,60,25,30,25,0x0,0x0,0x0,0x0,0x0,0x0,0x40,0x0,0x0,0,0x0,0x0,0x0,0x0
Leaf,LeafName,LeafDesc,0x26,Paladin,LeafMug,0x0,4,0x1e,8,47,22,18,18,18,5,15,3,ARank,ARank,ARank,ARank,ARank,ARank,ARank,0,130,60,50,45,50,10,25,0x0,0x0,0x0,0x0,0x0,0x0,0x0,0x0,0x0,0,0x4,0x0,0x0,0x0
Nanna,NannaName,NannaDesc,0x27,Valkyrie,NannaMug,0x0,4,0x22,13,36,20,16,19,16,1,29,2,ARank,0,0,0,CRank,0,0,0,45,75,65,60,25,50,40,0x0,0x0,0x0,0x0,0x0,0x0,0x40,0x0,0x0,0,0xc,0x0,0x0,0x0
Fin,FinName,Fin2Desc,0x28,Paladin,FinMug,0x0,0,0x20,9,43,10,8,11,11,11,10,2,0,ARank,0,0,0,0,0,0,70,30,40,30,30,5,50,0x0,0x0,0x0,0x0,0x0,0x0,0x0,0x0,0x0,0,0x3,0x0,0x0,0x0
Aless,AlessName,AlessDesc,0x29,Paladin,AlessMug,0x0,4,0x11,10,47,18,11,14,14,11,18,0,SRank,0,0,0,0,0,0,0,130,90,20,30,40,10,50,0x0,0x0,0x0,0x0,0x0,0x0,0x0,0x0,0x0,0,0x3,0x0,0x0,0x0
Leen,LeenName,LeenDesc,0x2a,Dancer,LeenMug,0x0,7,0x23,1,37,6,5,9,6,17,26,1,DRank,0,0,0,0,0,0,0,70,40,50,60,20,50,30,0x0,0x0,0x0,0x0,0x0,0x0,0x0,0x0,0x0,0,0xa,0x0,0x0,0x0
Tinny,TinnyName,TinnyDesc,0x2b,Sage_F,TinnyMug,0x0,2,0x12,4,39,23,18,22,8,9,28,0,0,0,0,0,0,ARank,0,0,65,45,40,65,20,25,60,0x0,0x0,0x0,0x0,0x0,0x0,0x40,0x0,0x0,0,0xa,0x0,0x0,0x0
Faval,FavalName,FavalDesc,0x2c,Sniper,FavalMug,0x0,4,0x24,14,59,14,12,14,13,3,30,0,0,0,0,SRank,0,0,0,0,85,50,55,55,45,55,30,0x0,0x0,0x0,0x0,0x0,0x0,0x0,0x0,0x0,0,0x0,0x0,0x0,0x0
Sety,SetyName,SetyDesc,0x2d,Sage,SetyMug,0x0,3,0x28,13,43,13,20,15,12,6,17,2,0,0,0,0,0,SRank,0,0,80,55,45,40,45,30,25,0x0,0x0,0x0,0x0,0x0,0x0,0x0,0x0,0x0,0x0,0x0,0x0,0x0,0x0
Corple,CorpleName,CorpleDesc,0x2e,Bishop,CorpleMug,0x0,7,0x27,12,31,15,8,12,8,15,27,-1,0,0,0,0,SRank,0,0,0,85,45,50,45,35,40,20,0x0,0x0,0x0,0x0,0x0,0x0,0x0,0x0,0x0,0,0x0,0x0,0x0,0x0
Hannibal,HannibalName,HannibalDesc,0x2f,General,HannibalMug,0x0,0,0x26,11,19,15,11,7,10,4,8,-1,ARank,ARank,ARank,ARank,0,0,0,0,60,50,10,10,30,5,10,0x0,0x0,0x0,0x0,0x0,0x0,0x40,0x0,0x0,0,0x0,0x0,0x0,0x0
Altenna,AltennaName,AltennaDesc,0x30,WyvernLord_F,AltennaMug,0x0,4,0x29,13,25,12,10,9,6,11,3,1,0,251,0,0,0,0,0,0,135,65,45,60,55,12,25,0x0,0x0,0x0,0x0,0x0,0x0,0x0,0x0,0x0,0,0x0,0x0,0x0,0x0
0,0x267,0x0,0x31,0x41,0x0,0x0,0,0x0,0,0,0,0,0,0,0,0,0,0,0,0,0,0,0,0,0,85,50,10,10,10,15,30,0x0,0x0,0x0,0x0,0x0,0x0,0x0,0x0,0x0,0,0x0,0x0,0x0,0x0
Alvis,AlvisName,AlvisDesc,0x32,Sage,AlvisMug,0x0,1,0x0,30,40,5,24,15,13,11,10,2,0,0,0,0,0,SRank,0,0,85,50,10,10,10,15,30,0x0,0x0,0x0,0x0,0x0,0x0,0x0,0x0,0x0,AlvisSupports|IsPointer,0x0,0x0,0x0,0x0
Manfloy,ManfloyName,ManfloyDesc,0x33,Druid,ManfloyMug,0x0,5,0x0,30,40,5,12,12,10,10,13,0,0,0,0,0,0,0,0,ARank,85,50,10,10,10,15,30,0x0,0x0,0x0,0x0,0x0,0x0,0x0,0x0,0x0,0,0x0,0x0,0x0,0x0
Julius,JuliusName,JuliusDesc,0x34,Necromancer,JuliusMug,0x0,0,0x0,0,30,10,15,15,15,15,13,0,0,0,0,0,0,0,0,SRank,85,50,10,10,10,15,30,0x0,0x0,0x0,0x0,0x0,0x0,0x0,0x0,0x0,0,0x0,0x0,0x0,0x0
Menu guy,0x267,0x0,0x35,0x41,0x1,0x0,0,0x0,0,0,0,0,0,0,0,0,0,0,0,0,0,0,0,0,0,85,50,10,10,10,15,30,0x0,0x0,0x0,0x0,0x0,0x0,0x0,0x0,0x0,0,0x0,0x0,0x0,0x0
0,0x267,0x0,0x36,0x41,0x0,0x0,0,0x0,0,0,0,0,0,0,0,0,0,0,0,0,0,0,0,0,0,85,50,10,10,10,15,30,0x0,0x0,0x0,0x0,0x0,0x0,0x0,0x0,0x0,0,0x0,0x0,0x0,0x0
Claude ,Claude3HName,Claude3HDesc,0x37,WyvernLord,Claude3HMug,0x0,0,0x0,18,0,0,0,0,0,0,0,0,BRank,0,0,SRank,0,0,0,0,50,30,35,32,8,40,45,0x0,0x0,0x0,0x0,0x0,0x0,0x0,0x0,0x0,0,0x0,0x0,0x0,0x0
Dimitri,DimitriName,DimitriDesc,0x38,General,DimitriMug,0x0,0,0x0,9,0,0,0,0,0,0,0,0,BRank,SRank,0,0,0,0,0,71,50,30,35,32,8,40,45,0x0,0x0,0x0,0x0,0x0,0x0,0x0,0x0,0x0,0,0x0,0x0,0x0,0x0
Hilda,Hilda3HName,Hilda3HDesc,0x39,Warrior,Hilda3HMug,0x0,5,0x21,1,0,2,1,2,0,0,10,0,0,BRank,SRank,0,0,0,0,0,0,50,50,40,0,0,55,0x0,0x0,0x0,0x0,0x0,0x0,0x0,0x0,0x0,0,0x0,0x0,0x0,0x0
Lysithea,LysitheaName,LysitheaDesc,0x3a,Druid_F,LysitheaMug,0x0,5,0x1a,1,0,1,2,1,0,0,0,0,0,0,0,0,BRank,0,0,SRank,0,70,40,20,0,0,40,0x0,0x0,0x0,0x0,0x0,0x0,0x0,0x0,0x0,0,0x0,0x0,0x0,0x0
Marianne,MarianneName,MarianneDesc,0x3b,Valkyrie,MarianneMug,0x0,4,0x0,14,26,13,9,6,14,11,4,0,SRank,0,0,0,0,0,ARank,0,85,50,55,55,45,55,30,0x0,0x0,0x0,0x0,0x0,0x0,0x80,0x0,0x0,0,0x0,0x0,0x0,0x0
Annette,AnnetteName,AnnetteDesc,0x3c,Sage_F,AnnetteMug,0x0,3,0x0,18,42,16,10,11,3,7,7,0,0,0,SRank,0,0,ARank,0,0,150,100,90,70,160,80,30,0x0,0x0,0x0,0x0,0x0,0x0,0x80,0x0,0x0,0,0x0,0x0,0x0,0x0
Ingrid,IngridName,IngridDesc,0x3d,FalcoKnight,IngridMug,0x0,5,0x0,3,11,8,9,4,5,4,4,1,BRank,SRank,0,0,0,0,0,0,80,55,45,40,45,30,25,0x0,0x0,0x0,0x0,0x0,0x0,0x80,0x0,0x0,0,0x0,0x0,0x0,0x0
Mercedes,MercedesName,MercedesDesc,0x3e,Bishop_F,MercedesMug,0x0,4,0x0,13,25,12,10,9,6,11,3,1,0,0,0,0,SRank,BRank,0,0,80,40,55,50,20,20,15,0x0,0x0,0x0,0x0,0x0,0x0,0x80,0x0,0x0,0,0x0,0x0,0x0,0x0
Sylvain,SylvainName,SylvainDesc,0x3f,Paladin,SylvainMug,0x0,2,0x0,16,19,11,9,10,8,8,10,0,0,SRank,BRank,0,0,0,0,0,85,40,55,40,20,30,25,0x0,0x0,0x0,0x0,0x0,0x0,0xc0,0x0,0x0,0,0x0,0x0,0x0,0x0
Byleth,BylethName,BylethDesc,0x40,Swordmaster,BylethMug,0x0,4,0x0,5,14,6,7,6,3,5,2,1,SRank,0,0,0,0,0,0,0,85,50,10,10,10,15,30,0x0,0x0,0x0,0x0,0x0,0x0,0x80,0x0,0x0,0,0x0,0x0,0x0,0x0
Felix,FelixName,FelixDesc,0x41,Swordmaster,FelixMug,0x0,0,0x0,0,0,0,0,0,0,0,0,0,SRank,0,0,BRank,0,0,0,0,60,20,30,35,15,15,25,0x0,0x0,0x0,0x0,0x0,0x0,0x0,0x0,0x0,0x0,0x0,0x0,0x0,0x0
0,0x267,0x0,0x42,0x41,0x0,0x0,0,0x0,0,0,0,0,0,0,0,0,0,0,0,0,0,0,0,0,0,60,20,30,35,15,15,25,0x0,0x0,0x0,0x0,0x0,0x0,0x0,0x0,0x0,0x0,0x0,0x0,0x0,0x0
0,0x267,0x0,0x43,0x41,0x0,0x0,0,0x0,0,0,0,0,0,0,0,0,0,0,0,0,0,0,0,0,0,60,20,30,35,15,15,25,0x0,0x0,0x0,0x0,0x0,0x0,0x0,0x0,0x0,0x0,0x0,0x0,0x0,0x0
0,0x267,0x0,0x44,0x41,0x0,0x0,0,0x0,0,0,0,0,0,0,0,0,0,0,0,0,0,0,0,0,0,60,20,30,35,15,15,25,0x0,0x0,0x0,0x0,0x0,0x0,0x0,0x0,0x0,0x0,0x0,0x0,0x0,0x0
0,0x267,0x0,0x45,0x41,0x0,0x0,0,0x0,0,0,0,0,0,0,0,0,0,0,0,0,0,0,0,0,0,60,20,30,35,15,15,25,0x0,0x0,0x0,0x0,0x0,0x0,0x0,0x0,0x0,0x0,0x0,0x0,0x0,0x0
Breguet (Ch 1) (NPC civilian),0x267,0x0,0x46,0x9,0x1,0x0,2,0x0,4,3,3,0,1,0,0,2,0,0,0,0,0,0,0,0,0,85,50,10,10,10,15,30,0x0,0x0,0x0,0x0,0x0,0x0,0x0,0x0,0x0,0,0x0,0x0,0x0,0x0
Bone (Ch 2),0x267,0x0,0x47,0x41,0x1,0x0,4,0x0,4,13,12,10,8,7,6,5,1,0,0,ARank,0,0,0,0,0,85,50,10,10,10,15,30,0x0,0x0,0x0,0x0,0x0,0x0,0x80,0x0,0x0,0,0x0,0x0,0x0,0x0
Jenkins (Ch 3),0x267,0x0,0x48,0x41,0x1,0x0,1,0x0,6,10,8,9,7,7,7,6,5,0,ARank,0,0,0,0,0,0,85,50,10,10,10,15,30,0x0,0x0,0x0,0x0,0x0,0x0,0x80,0x0,0x0,0,0x0,0x0,0x0,0x0
Entombed (Ch 4),0x267,0x0,0x49,0x53,0x1,0x4,5,0x0,6,15,10,8,8,8,5,15,4,0,0,0,0,0,0,0,0,85,50,10,10,10,15,30,0x0,0x0,0x0,0x0,0x0,0x0,0x80,0x0,0x0,0x0,0x0,0x0,0x0,0x0
Kaga (Ch5),0x267,0x0,0x4a,0x23,0x23,0x0,7,0x0,8,25,6,12,9,14,6,9,0,ARank,0,0,0,0,0,0,0,85,50,10,10,10,15,30,0x0,0x0,0x0,0x0,0x0,0x0,0x80,0x0,0x0,0x0,0x0,0x0,0x0,0x0
Mr Bones (Ch 23),0x267,0x0,0x4b,0x2d,0x36,0x0,1,0x0,10,12,8,7,4,3,5,7,0,0,0,0,0,0,0,0,71,85,50,10,10,10,15,30,0x0,0x0,0x0,0x0,0x0,0x0,0x80,0x0,0x0,0x0,0x0,0x0,0x0,0x0
Murray (Ch 7),0x23e,0x0,0x4c,0x5,0x37,0x0,6,0x0,12,12,3,7,5,1,6,7,0,ARank,121,0,0,0,0,0,0,85,50,10,10,10,15,30,0x0,0x0,0x0,0x0,0x0,0x0,0x80,0x0,0x0,0x0,0x0,0x0,0x0,0x0
Tirado (Ch 8),0x23f,0x0,0x4d,0xb,0x38,0x0,7,0x0,1,19,5,4,2,1,5,2,0,0,181,0,0,0,0,0,0,85,50,10,10,10,15,30,0x0,0x0,0x0,0x0,0x0,0x0,0x80,0x0,0x0,0x0,0x0,0x0,0x0,0x0
Selena (Ch 9),0x238,0x0,0x4e,0x40,0x3f,0x0,5,0x0,5,14,8,5,2,7,8,3,0,ARank,0,121,0,0,0,0,0,85,50,10,10,10,15,30,0x0,0x0,0x0,0x0,0x0,0x0,0x80,0x0,0x0,0x0,0x0,0x0,0x0,0x0
Pablo (Ch 10),0x241,0x0,0x4f,0x27,0x3a,0x0,4,0x0,7,16,8,5,8,2,12,9,0,0,0,0,0,0,0,0,0,85,50,25,35,15,15,30,0x0,0x0,0x0,0x0,0x0,0x0,0x80,0x0,0x0,0x0,0x0,0x0,0x0,0x0
Macdaire (Ch 12) (now beran),0x248,0x0,0x50,0x5e,0x3e,0x0,5,0x0,9,15,6,6,2,4,8,9,0,0,0,0,0,0,ARank,ARank,0,85,50,10,10,10,15,30,0x0,0x0,0x0,0x0,0x0,0x0,0x80,0x0,0x0,0x0,0x0,0x0,0x0,0x0
Aias (Ch 13),0x242,0x0,0x51,0x35,0x3b,0x0,7,0x0,10,25,10,7,4,8,9,11,1,0,0,121,0,0,0,0,0,85,50,35,35,25,15,30,0x0,0x0,0x0,0x0,0x0,0x0,0x80,0x0,0x0,0x0,0x0,0x0,0x0,0x0
Carlyle (Ch 14),0x243,0x0,0x52,0x15,0x3c,0x0,1,0x0,11,20,6,6,8,4,8,8,0,181,0,0,0,0,0,0,0,85,65,10,10,20,20,30,0x0,0x0,0x0,0x0,0x0,0x0,0x80,0x0,0x0,0x0,0x0,0x0,0x0,0x0
Caellach (Ch 26),0x244,0x0,0x53,0x11,0x43,0x0,2,0x0,12,25,13,5,3,7,11,14,2,181,0,251,0,0,0,0,0,85,50,45,45,30,20,20,0x0,0x0,0x0,0x0,0x0,0x0,0x80,0x0,0x0,0x0,0x0,0x0,0x0,0x0
Pablo (also Ch 13),0x241,0x0,0x54,0x27,0x3a,0x0,4,0x0,7,14,8,5,8,2,12,9,0,0,0,0,0,0,0,0,0,85,50,10,10,10,15,30,0x0,0x0,0x0,0x0,0x0,0x0,0x80,0x0,0x0,0x0,0x0,0x0,0x0,0x0
0,0x267,0x0,0x55,0x41,0x0,0x3,0,0x0,1,0,0,0,0,0,0,0,0,0,0,0,0,0,0,0,0,85,50,10,10,10,15,30,0x0,0x0,0x0,0x0,0x0,0x0,0x80,0x0,0x0,0x0,0x0,0x0,0x0,0x0
Gorgon (Ch 18),0x255,0x2b1,0x56,0x61,0x0,0x4,5,0x0,15,25,10,11,7,5,12,3,0,0,0,0,0,0,0,0,181,85,65,20,40,15,40,30,0x0,0x0,0x0,0x0,0x0,0x0,0x80,0x0,0x0,0x0,0x0,0x0,0x0,0x0
Riev (Ch 19 & 20),0x246,0x2a0,0x57,0x2b,0x48,0x0,5,0x0,16,28,10,17,15,13,10,9,0,0,0,0,0,181,0,251,0,75,45,50,40,20,45,15,0x0,0x0,0x0,0x0,0x0,0x0,0x80,0x0,0x0,0x0,0x0,0x0,0x0,0x0
0,0x267,0x0,0x58,0x41,0x0,0x3,0,0x0,1,0,0,0,0,0,0,0,0,0,0,0,0,0,0,0,0,85,50,10,10,10,15,30,0x0,0x0,0x0,0x0,0x0,0x0,0x80,0x0,0x0,0x0,0x0,0x0,0x0,0x0
0,0x267,0x0,0x59,0x41,0x0,0x3,0,0x0,1,0,0,0,0,0,0,0,0,0,0,0,0,0,0,0,0,85,50,10,10,10,15,30,0x0,0x0,0x0,0x0,0x0,0x0,0x80,0x0,0x0,0x0,0x0,0x0,0x0,0x0
Gheb (Ch 12),0x247,0x0,0x5a,0x40,0x3d,0x0,2,0x0,5,17,10,3,-2,5,5,1,5,ARank,0,181,0,0,0,0,0,85,50,10,10,10,15,30,0x0,0x0,0x0,0x0,0x0,0x0,0x80,0x0,0x0,0x0,0x0,0x0,0x0,0x0
Beran (Ch 10B),0x248,0x2a2,0x5b,0x1d,0x3e,0x0,4,0x0,7,22,8,7,7,8,9,6,0,121,0,0,181,0,0,0,0,85,50,35,35,25,15,30,0x0,0x0,0x0,0x0,0x0,0x0,0x80,0x0,0x0,0x0,0x0,0x0,0x0,0x0
Cyclops (Ch 12B),0x255,0x2b1,0x5c,0x5a,0x0,0x4,5,0x0,9,18,7,3,3,2,10,0,0,0,0,0,0,0,0,0,0,85,50,35,35,25,15,30,0x0,0x0,0x0,0x0,0x0,0x0,0x80,0x0,0x0,0x0,0x0,0x0,0x0,0x0
Great Knight (Ch 11),0x255,0x0,0x5d,0x56,0x0,0x4,1,0x0,3,17,7,11,9,4,7,0,0,0,0,0,0,0,0,0,0,85,50,10,10,10,15,30,0x0,0x0,0x0,0x0,0x0,0x0,0x80,0x0,0x0,0x0,0x0,0x0,0x0,0x0
Deathgoyle (Ch 11B),0x255,0x2b1,0x5e,0x64,0x0,0x4,5,0x0,8,14,5,9,6,4,4,0,0,0,0,0,0,0,0,0,0,85,50,10,10,10,15,30,0x0,0x0,0x0,0x0,0x0,0x0,0x80,0x0,0x0,0x0,0x0,0x0,0x0,0x0
Entombed (Monster Boss),0x255,0x2b1,0x5f,0x53,0x0,0x4,5,0x0,1,7,2,2,1,2,2,1,0,0,0,0,0,0,0,0,0,85,50,35,35,15,15,30,0x0,0x0,0x0,0x0,0x0,0x0,0x80,0x0,0x0,0x0,0x0,0x0,0x0,0x0
Lyria (Ch20),0x267,0x0,0x60,Cleric,0x06,0x0,1,0x0,3,5,7,5,8,3,8,20,0,0,0,0,0,0,181,0,0,85,50,20,20,20,20,30,0x0,0x0,0x0,0x0,0x0,0x0,0x0,0x0,0x0,0x0,0x0,0x0,0x0,0x0
Meriah (Ch19),0x267,0x0,0x61,Mage_F,0x08,0x0,2,0x0,5,10,16,11,10,6,10,12,0,0,0,0,0,0,181,0,0,85,50,20,20,20,20,30,0x0,0x0,0x0,0x0,0x0,0x0,0x80,0x0,0x0,0x0,0x0,0x0,0x0,0x0
Plum (Ch20),0x267,0x0,0x62,Cleric,0x0A,0x0,3,0x0,5,9,12,6,6,4,15,23,0,0,0,0,0,0,181,0,0,85,50,20,20,20,20,30,0x0,0x0,0x0,0x0,0x0,0x0,0x0,0x0,0x0,0x0,0x0,0x0,0x0,0x0
Yuni (Ch20),0x267,0x0,0x63,Thief,0x1E,0x0,4,0x0,3,9,10,11,15,5,8,10,0,0,0,0,0,0,181,0,0,85,50,20,20,20,20,30,0x0,0x0,0x0,0x0,0x0,0xc,0x0,0x0,0x0,0x0,0x0,0x0,0x0,0x0
Hunter (Ch 16),0x250,0x2ac,0x64,0xd,0x0,0x6,0,0x0,1,0,0,0,0,0,0,0,0,0,0,0,0,0,0,0,0,85,50,10,10,10,15,30,0x0,0x0,0x0,0x0,0x0,0x0,0x0,0x0,0x0,0x0,0x0,0x0,0x0,0x0
0,0x24f,0x2ad,0x65,0x41,0x0,0x6,0,0x0,1,0,0,0,0,0,0,0,0,0,0,0,0,0,0,0,0,60,20,30,35,15,15,25,0x0,0x0,0x0,0x0,0x0,0x0,0x0,0x0,0x0,0x0,0x0,0x0,0x0,0x0
Ch27 Enemies,0x24f,0x2ad,0x66,0x41,0x4c,0x6,2,0x0,1,2,2,2,2,2,2,2,0,0,0,0,0,0,0,0,0,60,20,30,35,15,15,25,0x0,0x0,0x0,0x0,0x0,0x0,0x0,0x0,0x0,0x0,0x0,0x0,0x0,0x0
0,0x24f,0x2ad,0x67,0x41,0x4d,0x6,0,0x0,1,0,0,0,0,0,0,0,0,0,0,0,0,0,0,0,0,60,20,30,35,15,15,25,0x0,0x0,0x0,0x0,0x0,0x0,0x0,0x0,0x0,0x0,0x0,0x0,0x0,0x0
Enemy Bowser,0x267,0x0,0x68,0x5,0x5,0x0,1,0x0,15,10,8,8,8,8,5,1,2,0,0,ARank,DRank,0,0,0,0,85,50,10,10,10,15,30,0x0,0x0,0x0,0x0,0x0,0x0,0x80,0x0,0x0,0x0,0x0,0x0,0x0,0x0
Glen (Ch 19),0x24a,0x2a4,0x69,0x21,0x4b,0x0,3,0x0,12,21,11,12,6,8,4,7,1,121,181,0,0,0,0,0,0,85,50,10,10,10,15,30,0x0,0x0,0x0,0x0,0x0,0x0,0x80,0x0,0x0,0x0,0x0,0x0,0x0,0x0
Zonta (Ch 6),0x24b,0x0,0x6a,0xf,0x35,0x0,6,0x0,8,7,5,0,1,2,6,4,0,0,0,0,0,0,0,0,ARank,85,50,10,10,10,15,30,0x0,0x0,0x0,0x0,0x0,0x0,0x80,0x0,0x0,0x0,0x0,0x0,0x0,0x0
Vigarde (Ch 18),0x24c,0x0,0x6b,0xb,0x40,0x0,7,0x0,13,31,13,10,8,7,9,9,2,0,0,181,0,0,0,0,0,85,50,10,10,10,15,30,0x0,0x0,0x0,0x0,0x0,0x0,0x80,0x0,0x0,0x0,0x0,0x0,0x0,0x0
Lyon (Ch Final),0x234,0x0,0x6c,0x4f,0x4a,0x0,4,0x0,18,55,20,15,10,23,21,9,0,0,0,0,0,181,0,0,251,60,20,30,35,15,15,25,0x0,0x0,0x0,0x0,0x0,0x0,0x80,0x0,0x0,0x0,0x0,0x0,0x0,0x0
Orson (Ch 16),0x236,0x0,0x6d,0x7,0x44,0x0,5,0x0,13,25,11,11,7,6,8,6,1,181,0,ARank,0,0,0,0,0,60,20,30,35,15,15,25,0x0,0x0,0x0,0x0,0x0,0x0,0x80,0x0,0x0,0x0,0x0,0x0,0x0,0x0
Maeda(ch20),0x267,0x0,0x6e,0x7,0x48,0x0,5,0x0,13,25,11,11,7,6,8,6,1,SRank,0,0,0,0,0,0,0,60,20,30,35,15,15,25,0x0,0x0,0x0,0x0,0x0,0x0,0x80,0x0,0x0,0x0,0x0,0x0,0x0,0x0
0,0x267,0x0,0x6f,0x41,0x0,0x0,0,0x0,0,0,0,0,0,0,0,0,0,0,0,0,0,0,0,0,0,60,20,30,35,15,15,25,0x0,0x0,0x0,0x0,0x0,0x0,0x0,0x0,0x0,0x0,0x0,0x0,0x0,0x0
0,0x267,0x0,0x70,0x41,0x0,0x0,0,0x0,0,0,0,0,0,0,0,0,0,0,0,0,0,0,0,0,0,60,20,30,35,15,15,25,0x0,0x0,0x0,0x0,0x0,0x0,0x0,0x0,0x0,0x0,0x0,0x0,0x0,0x0
0,0x267,0x0,0x71,0x41,0x0,0x0,0,0x0,0,0,0,0,0,0,0,0,0,0,0,0,0,0,0,0,0,60,20,30,35,15,15,25,0x0,0x0,0x0,0x0,0x0,0x0,0x0,0x0,0x0,0x0,0x0,0x0,0x0,0x0
0,0x267,0x0,0x72,0x41,0x0,0x0,0,0x0,0,0,0,0,0,0,0,0,0,0,0,0,0,0,0,0,0,60,20,30,35,15,15,25,0x0,0x0,0x0,0x0,0x0,0x0,0x0,0x0,0x0,0x0,0x0,0x0,0x0,0x0
0,0x267,0x0,0x73,0x41,0x0,0x0,0,0x0,0,0,0,0,0,0,0,0,0,0,0,0,0,0,0,0,0,60,20,30,35,15,15,25,0x0,0x0,0x0,0x0,0x0,0x0,0x0,0x0,0x0,0x0,0x0,0x0,0x0,0x0
0,0x267,0x0,0x74,0x41,0x0,0x0,0,0x0,0,0,0,0,0,0,0,0,0,0,0,0,0,0,0,0,0,60,20,30,35,15,15,25,0x0,0x0,0x0,0x0,0x0,0x0,0x0,0x0,0x0,0x0,0x0,0x0,0x0,0x0
0,0x267,0x0,0x75,0x41,0x0,0x0,0,0x0,0,0,0,0,0,0,0,0,0,0,0,0,0,0,0,0,0,60,20,30,35,15,15,25,0x0,0x0,0x0,0x0,0x0,0x0,0x0,0x0,0x0,0x0,0x0,0x0,0x0,0x0
0,0x267,0x0,0x76,0x41,0x0,0x0,0,0x0,0,0,0,0,0,0,0,0,0,0,0,0,0,0,0,0,0,60,20,30,35,15,15,25,0x0,0x0,0x0,0x0,0x0,0x0,0x0,0x0,0x0,0x0,0x0,0x0,0x0,0x0
0,0x267,0x0,0x77,0x41,0x0,0x0,0,0x0,0,0,0,0,0,0,0,0,0,0,0,0,0,0,0,0,0,60,20,30,35,15,15,25,0x0,0x0,0x0,0x0,0x0,0x0,0x0,0x0,0x0,0x0,0x0,0x0,0x0,0x0
0,0x267,0x0,0x78,0x41,0x0,0x0,0,0x0,0,0,0,0,0,0,0,0,0,0,0,0,0,0,0,0,0,60,20,30,35,15,15,25,0x0,0x0,0x0,0x0,0x0,0x0,0x0,0x0,0x0,0x0,0x0,0x0,0x0,0x0
0,0x267,0x0,0x79,0x41,0x0,0x0,0,0x0,0,0,0,0,0,0,0,0,0,0,0,0,0,0,0,0,0,60,20,30,35,15,15,25,0x0,0x0,0x0,0x0,0x0,0x0,0x0,0x0,0x0,0x0,0x0,0x0,0x0,0x0
0,0x267,0x0,0x7a,0x41,0x0,0x0,0,0x0,0,0,0,0,0,0,0,0,0,0,0,0,0,0,0,0,0,60,20,30,35,15,15,25,0x0,0x0,0x0,0x0,0x0,0x0,0x0,0x0,0x0,0x0,0x0,0x0,0x0,0x0
0,0x267,0x0,0x7b,0x41,0x0,0x0,0,0x0,0,0,0,0,0,0,0,0,0,0,0,0,0,0,0,0,0,60,20,30,35,15,15,25,0x0,0x0,0x0,0x0,0x0,0x0,0x0,0x0,0x0,0x0,0x0,0x0,0x0,0x0
0,0x267,0x0,0x7c,0x41,0x0,0x0,0,0x0,0,0,0,0,0,0,0,0,0,0,0,0,0,0,0,0,0,60,20,30,35,15,15,25,0x0,0x0,0x0,0x0,0x0,0x0,0x0,0x0,0x0,0x0,0x0,0x0,0x0,0x0
0,0x267,0x0,0x7d,0x41,0x0,0x0,0,0x0,0,0,0,0,0,0,0,0,0,0,0,0,0,0,0,0,0,60,20,30,35,15,15,25,0x0,0x0,0x0,0x0,0x0,0x0,0x0,0x0,0x0,0x0,0x0,0x0,0x0,0x0
0,0x267,0x0,0x7e,0x41,0x0,0x0,0,0x0,0,0,0,0,0,0,0,0,0,0,0,0,0,0,0,0,0,60,20,30,35,15,15,25,0x0,0x0,0x0,0x0,0x0,0x0,0x0,0x0,0x0,0x0,0x0,0x0,0x0,0x0
Grado Soldier (Special),0x24d,0x2a9,0x7f,0x5,0x0,0x3,0,0x0,1,3,2,1,2,2,0,1,0,0,0,0,0,0,0,0,0,60,20,30,35,15,15,25,0x0,0x0,0x0,0x0,0x0,0x0,0x0,0x0,0x0,0x0,0x0,0x0,0x0,0x0
Velthomer Generic,VelthomerName,VelthomerDesc,0x80,0x3f,0x0,0x3,0,0x0,1,0,0,0,0,0,0,0,0,0,0,0,0,0,0,0,0,60,20,30,35,15,15,25,0x0,0x0,0x0,0x0,0x0,0x0,0x0,0x0,0x0,0x0,0x0,0x0,0x0,0x0
Lopt Sect Generic,LoptSectName,LoptSectDesc,0x81,0x19,0x0,0x3,0,0x0,1,0,0,0,0,0,0,0,0,0,0,0,0,0,0,0,0,60,20,30,35,15,15,25,0x0,0x0,0x0,0x0,0x0,0x0,0x0,0x0,0x0,0x0,0x0,0x0,0x0,0x0
Eins ,EinsName,EinsDesc,0x82,General,0x0,0x1,0,0x3,1,39,15,15,15,15,15,4,2,0,ARank,0,0,0,0,0,0,75,50,55,45,45,25,40,0x0,0x0,0x0,0x0,0x0,0x0,0x0,0x0,0x0,0,0x3,0x0,0x0,0x0
Zwei ,ZweiName,ZweiName,0x83,Hero,0x0,0x1,0,0x7,4,20,13,13,13,13,13,4,0,ARank,0,0,0,0,0,0,0,60,40,40,30,25,45,30,0x0,0x0,0x0,0x0,0x0,0x0,0x0,0x0,0x0,0,0x4,0x0,0x0,0x0
Drei ,DreiName,DreiName,0x84,Warrior,0x0,0x1,0,0x6,1,32,16,13,19,18,16,4,2,0,0,ARank,0,0,0,0,0,80,65,65,65,65,50,65,0x0,0x0,0x0,0x0,0x0,0x0,0x0,0x0,0x0,0,0x3,0x0,0x0,0x0
Vier ,VierName,VierName,0x85,Bishop_F,0x0,0x1,0,0x8,3,41,21,17,17,14,12,4,0,0,0,0,0,ARank,0,0,0,70,40,50,40,25,25,20,0x0,0x0,0x0,0x0,0x0,0x0,0x0,0x0,0x0,0,0x4,0x0,0x0,0x0
Funf ,FunfName,FunfName,0x86,Sniper,0x0,0x1,0,0x9,1,39,13,10,13,13,13,4,0,0,0,0,ARank,0,0,0,0,50,40,50,50,20,35,70,0x0,0x0,0x0,0x0,0x0,0x0,0x40,0x20,0x0,0,0xa,0x0,0x0,0x0
Sechs,SechsName,SechsName,0x87,Sage_F,0x0,0x1,2,0xa,3,41,21,16,20,15,17,4,0,0,0,0,0,0,ARank,0,0,45,60,60,50,15,60,40,0x0,0x0,0x0,0x0,0x0,0x0,0x0,0x0,0x0,0,0x5,0x0,0x0,0x0
Sieben,SiebenName,SiebenName,0x88,Bishop,0x0,0x1,1,0xb,5,39,11,12,10,13,6,4,1,0,0,0,0,BRank,ARank,0,0,70,35,10,60,25,5,50,0x0,0x0,0x0,0x0,0x0,0x0,0x0,0x0,0x0,0,0x7,0x0,0x0,0x0
Acht ,AchtName,AchtName,0x89,Sage,0x0,0x1,3,0xc,2,40,13,13,13,13,15,4,1,0,0,0,0,0,ARank,0,0,75,40,40,65,25,20,45,0x0,0x0,0x0,0x0,0x0,0x0,0x0,0x0,0x0,0,0x0,0x0,0x0,0x0
Neun ,NeunName,NeunName,0x8a,Swordmaster_F,0x0,0x1,0,0xd,7,41,19,17,16,16,13,4,1,ARank,0,0,0,0,0,0,0,80,65,40,20,25,15,40,0x0,0x0,0x0,0x0,0x0,0x0,0x40,0x0,0x0,0,0x1,0x0,0x0,0x0
Zehn ,ZehnName,ZehnName,0x8b,Druid,0x0,0x1,0,0x14,1,41,13,13,13,13,13,4,1,0,0,0,0,0,0,0,ARank,75,40,40,45,20,25,45,0x0,0x0,0x0,0x0,0x0,0x0,0x0,0x0,0x0,0,0x0,0x0,0x0,0x0
Elf,ElfName,ElfName,0x8c,Sage,0x0,0x1,0,0xf,1,40,15,15,15,15,15,4,0,0,0,0,0,BRank,0,ARank,0,45,65,30,45,15,40,45,0x0,0x0,0x0,0x0,0x0,0x0,0x0,0x0,0x0,0,0x7,0x0,0x0,0x0
Zwolf,ZwolfName,ZwolfName,0x8d,Rogue,0x0,0x1,0,0x10,10,44,17,17,16,16,16,4,2,ARank,0,0,0,0,0,0,0,103,55,50,45,35,25,35,0x0,0x0,0x0,0x0,0x0,0x0,0x40,0x0,0x0,0,0xa,0x0,0x0,0x0
,0x254,0x2ae,0x8e,0x41,0x0,0x6,0,0x0,1,0,0,0,0,0,0,0,0,0,0,0,0,0,0,0,0,60,20,30,35,15,15,25,0x0,0x0,0x0,0x0,0x0,0x0,0x0,0x0,0x0,0x0,0x0,0x0,0x0,0x0
Grado Remnant 2 (Cutscene and C16 only?),0x24e,0x2aa,0x8f,0x5,0x0,0x3,0,0x0,1,0,0,0,0,0,0,0,0,0,0,0,0,0,0,0,0,60,20,30,35,15,15,25,0x0,0x0,0x0,0x0,0x0,0x0,0x0,0x0,0x0,0x0,0x0,0x0,0x0,0x0
Grado Remnant 3 (C16 only?),0x24e,0x2aa,0x90,0x2d,0x0,0x3,0,0x0,1,0,0,0,0,0,0,0,0,0,0,0,0,0,0,0,0,60,20,30,35,15,15,25,0x0,0x0,0x0,0x0,0x0,0x0,0x0,0x0,0x0,0x0,0x0,0x0,0x0,0x0
Ch10 Generics,0x267,0x0,0x91,0x25,0x0,0x3,0,0x0,1,0,0,0,0,0,0,0,0,0,0,0,0,0,0,0,0,60,20,30,35,15,15,25,0x0,0x0,0x0,0x0,0x0,0x0,0x0,0x0,0x0,0x0,0x0,0x0,0x0,0x0
Lennon,0x267,0x0,0x92,0x0,0x0,0x3,0,0x0,20,28,18,21,15,8,14,4,3,0,0,0,0,0,0,0,0,60,20,30,35,15,15,25,0x0,0x0,0x0,0x0,0x0,0x0,0x80,0x0,0x0,0x0,0x0,0x0,0x0,0x0
Paul,0x267,0x0,0x93,0x0,0x0,0x3,0,0x0,20,21,23,19,18,11,14,10,4,0,0,0,0,0,0,0,0,0,0,0,0,0,0,0,0,0,0,0,0,0,0x80,0,0,0,0,0,0,0
Ringo,0x267,0x0,0x94,0x0,0x0,0x3,0,0x0,20,46,23,12,19,5,11,16,7,0,0,0,0,0,0,0,0,0,0,0,0,0,0,0,0,0,0,0,0,0,0x80,0,0,0,0,0,0,0
Harrison,0x267,0x0,0x95,0x0,0x0,0x3,0,0x0,20,19,18,16,14,9,10,30,3,0,0,0,0,0,0,0,0,0,0,0,0,0,0,0,0,0,0,0,0,0,0x80,0,0,0,0,0,0,0
0,0x267,0x0,0x96,0x41,0x0,0x3,0,0x0,0,0,0,0,0,0,0,0,0,0,0,0,0,0,0,0,0,0,0,0,0,0,0,0,0x0,0x0,0x0,0x0,0x0,0x0,0x0,0x0,0x0,0x0,0x0,0x0,0x0,0x0
0,0x267,0x0,0x97,0x41,0x0,0x3,0,0x0,0,0,0,0,0,0,0,0,0,0,0,0,0,0,0,0,0,0,0,0,0,0,0,0,0x0,0x0,0x0,0x0,0x0,0x0,0x0,0x0,0x0,0x0,0x0,0x0,0x0,0x0
0,0x267,0x0,0x98,0x41,0x0,0x3,0,0x0,0,0,0,0,0,0,0,0,0,0,0,0,0,0,0,0,0,0,0,0,0,0,0,0,0x0,0x0,0x0,0x0,0x0,0x0,0x0,0x0,0x0,0x0,0x0,0x0,0x0,0x0
Ch8 Generics,0x267,0x0,0x99,0x41,0x0,0x3,0,0x0,0,0,0,0,0,0,0,0,0,0,0,0,0,0,0,0,0,0,0,0,0,0,0,0,0x0,0x0,0x0,0x0,0x0,0x0,0x0,0x0,0x0,0x0,0x0,0x0,0x0,0x0
Doma Faithful,0x267,0x0,0x9a,0x41,0x0,0x3,0,0x0,0,0,0,0,0,0,0,0,0,0,0,0,0,0,0,0,0,0,0,0,0,0,0,0,0x0,0x0,0x0,0x0,0x0,0x0,0x0,0x0,0x0,0x0,0x0,0x0,0x0,0x0
Wendy's Army,0x267,0x0,0x9b,0x41,0x0,0x3,0,0x0,0,0,0,0,0,0,0,0,0,0,0,0,0,0,0,0,0,0,0,0,0,0,0,0,0x0,0x0,0x0,0x0,0x0,0x0,0x0,0x0,0x0,0x0,0x0,0x0,0x0,0x0
0,0x267,0x0,0x9c,0x41,0x0,0x3,0,0x0,0,0,0,0,0,0,0,0,0,0,0,0,0,0,0,0,0,0,0,0,0,0,0,0,0x0,0x0,0x0,0x0,0x0,0x0,0x0,0x0,0x0,0x0,0x0,0x0,0x0,0x0
Ch28 Enemies,0x267,0x0,0x9d,0x41,0x0,0x3,0,0x0,0,0,0,0,0,0,0,0,0,0,0,0,0,0,0,0,0,0,0,0,0,0,0,0,0x0,0x0,0x0,0x0,0x0,0x0,0x0,0x0,0x0,0x0,0x0,0x0,0x0,0x0
0,0x267,0x0,0x9e,0x41,0x0,0x3,0,0x0,0,0,0,0,0,0,0,0,0,0,0,0,0,0,0,0,0,0,0,0,0,0,0,0,0x0,0x0,0x0,0x0,0x0,0x0,0x0,0x0,0x0,0x0,0x0,0x0,0x0,0x0
0,0x267,0x0,0x9f,0x41,0x0,0x3,0,0x0,0,0,0,0,0,0,0,0,0,0,0,0,0,0,0,0,0,0,0,0,0,0,0,0,0x0,0x0,0x0,0x0,0x0,0x0,0x0,0x0,0x0,0x0,0x0,0x0,0x0,0x0
0,0x267,0x0,0xa0,0x41,0x0,0x3,0,0x0,0,0,0,0,0,0,0,0,0,0,0,0,0,0,0,0,0,0,0,0,0,0,0,0,0x0,0x0,0x0,0x0,0x0,0x0,0x0,0x0,0x0,0x0,0x0,0x0,0x0,0x0
0,0x267,0x0,0xa1,0x41,0x0,0x3,0,0x0,0,0,0,0,0,0,0,0,0,0,0,0,0,0,0,0,0,0,0,0,0,0,0,0,0x0,0x0,0x0,0x0,0x0,0x0,0x0,0x0,0x0,0x0,0x0,0x0,0x0,0x0
0,0x267,0x0,0xa2,0x41,0x0,0x3,0,0x0,0,0,0,0,0,0,0,0,0,0,0,0,0,0,0,0,0,0,0,0,0,0,0,0,0x0,0x0,0x0,0x0,0x0,0x0,0x0,0x0,0x0,0x0,0x0,0x0,0x0,0x0
0,0x267,0x0,0xa3,0x41,0x0,0x3,0,0x0,0,0,0,0,0,0,0,0,0,0,0,0,0,0,0,0,0,0,0,0,0,0,0,0,0x0,0x0,0x0,0x0,0x0,0x0,0x0,0x0,0x0,0x0,0x0,0x0,0x0,0x0
0,0x267,0x0,0xa4,0x41,0x0,0x3,0,0x0,0,0,0,0,0,0,0,0,0,0,0,0,0,0,0,0,0,0,0,0,0,0,0,0,0x0,0x0,0x0,0x0,0x0,0x0,0x0,0x0,0x0,0x0,0x0,0x0,0x0,0x0
0,0x267,0x0,0xa5,0x41,0x0,0x3,0,0x0,0,0,0,0,0,0,0,0,0,0,0,0,0,0,0,0,0,0,0,0,0,0,0,0,0x0,0x0,0x0,0x0,0x0,0x0,0x0,0x0,0x0,0x0,0x0,0x0,0x0,0x0
0,0x267,0x0,0xa6,0x41,0x0,0x3,0,0x0,0,0,0,0,0,0,0,0,0,0,0,0,0,0,0,0,0,0,0,0,0,0,0,0,0x0,0x0,0x0,0x0,0x0,0x0,0x0,0x0,0x0,0x0,0x0,0x0,0x0,0x0
Maeda's Army,0x267,0x0,0xa7,0xf,0x0,0x6,0,0x0,1,0,0,0,0,0,0,0,0,0,0,0,0,0,0,0,0,60,20,30,35,15,15,25,0x0,0x0,0x0,0x0,0x0,0x0,0x0,0x0,0x0,0x0,0x0,0x0,0x0,0x0
Celica's Summons,0x267,0x0,0xa8,0xf,0x0,0x6,0,0x0,1,0,0,0,0,0,0,0,0,0,0,0,0,0,0,0,0,60,20,30,35,15,15,25,0x0,0x0,0x0,0x0,0x0,0x0,0x0,0x0,0x0,0x0,0x0,0x0,0x0,0x0
Ch23 Skeletons,0x267,0x0,0xa9,0xf,0x0,0x6,0,0x0,1,0,0,0,0,0,0,0,0,0,0,0,0,0,0,0,0,60,20,30,35,15,15,25,0x0,0x0,0x0,0x0,0x0,0x0,0x0,0x0,0x0,0x0,0x0,0x0,0x0,0x0
Doowile's Zombies,0x267,0x0,0xaa,0x52,0x0,0x4,5,0x0,1,0,0,0,0,0,0,0,0,0,0,0,0,0,0,0,0,60,20,30,35,15,15,25,0x0,0x0,0x0,0x0,0x0,0x0,0x0,0x0,0x0,0x0,0x0,0x0,0x0,0x0
Ch25 Monsters,0x255,0x2b1,0xab,0x53,0x0,0x4,5,0x0,1,0,0,0,0,0,0,0,0,0,0,0,0,0,0,0,0,60,20,30,35,15,15,25,0x0,0x0,0x0,0x0,0x0,0x0,0x0,0x0,0x0,0x0,0x0,0x0,0x0,0x0
Ch16 Monsters,0x255,0x2b1,0xac,0x54,0x0,0x4,5,0x0,1,10,4,8,4,4,4,0,5,0,0,0,0,0,0,0,0,60,20,30,35,15,15,25,0x0,0x0,0x0,0x0,0x0,0x0,0x0,0x0,0x0,0x0,0x0,0x0,0x0,0x0
Ch25 Mamkutes,0x267,0x0,0xad,0x55,0x0,0x4,5,0x0,1,0,0,0,0,0,0,0,0,0,0,0,0,0,0,0,0,60,20,30,35,15,15,25,0x0,0x0,0x0,0x0,0x0,0x0,0x0,0x0,0x0,0x0,0x0,0x0,0x0,0x0
Final Enemies,0x267,0x0,0xae,0x56,0x0,0x4,5,0x0,1,0,0,0,0,0,0,0,0,0,0,0,0,0,0,0,0,60,20,30,35,15,15,25,0x0,0x0,0x0,0x0,0x0,0x0,0x0,0x0,0x0,0x0,0x0,0x0,0x0,0x0
Monster,0x255,0x2b1,0xaf,0x57,0x0,0x4,5,0x0,1,0,0,0,0,0,0,0,0,0,0,0,0,0,0,0,0,60,20,30,35,15,15,25,0x0,0x0,0x0,0x0,0x0,0x0,0x0,0x0,0x0,0x0,0x0,0x0,0x0,0x0
Monster,0x255,0x2b1,0xb0,0x58,0x0,0x4,5,0x0,1,0,0,0,0,0,0,0,0,0,0,0,0,0,0,0,0,60,20,30,35,15,15,25,0x0,0x0,0x0,0x0,0x0,0x0,0x0,0x0,0x0,0x0,0x0,0x0,0x0,0x0
Monster,0x255,0x2b1,0xb1,0x59,0x0,0x4,5,0x0,1,0,0,0,0,0,0,0,0,0,0,0,0,0,0,0,0,60,20,30,35,15,15,25,0x0,0x0,0x0,0x0,0x0,0x0,0x0,0x0,0x0,0x0,0x0,0x0,0x0,0x0
Monster,0x255,0x2b1,0xb2,0x5a,0x0,0x4,5,0x0,1,0,0,0,0,0,0,0,0,0,0,0,0,0,0,0,0,60,20,30,35,15,15,25,0x0,0x0,0x0,0x0,0x0,0x0,0x0,0x0,0x0,0x0,0x0,0x0,0x0,0x0
Monster,0x255,0x2b1,0xb3,0x5b,0x0,0x4,5,0x0,1,0,0,0,0,0,0,0,0,0,0,0,0,0,0,0,0,60,20,30,35,15,15,25,0x0,0x0,0x0,0x0,0x0,0x0,0x0,0x0,0x0,0x0,0x0,0x0,0x0,0x0
Monster,0x255,0x2b1,0xb4,0x5c,0x0,0x4,5,0x0,1,0,0,0,0,0,0,0,0,0,0,0,0,0,0,0,0,60,20,30,35,15,15,25,0x0,0x0,0x0,0x0,0x0,0x0,0x0,0x0,0x0,0x0,0x0,0x0,0x0,0x0
Monster,0x255,0x2b1,0xb5,0x5d,0x0,0x4,5,0x0,1,0,0,0,0,0,0,0,0,0,0,0,0,0,0,0,0,60,20,30,35,15,15,25,0x0,0x0,0x0,0x0,0x0,0x0,0x0,0x0,0x0,0x0,0x0,0x0,0x0,0x0
Monster,0x255,0x2b1,0xb6,0x5e,0x0,0x4,5,0x0,1,0,0,0,0,0,0,0,0,0,0,0,0,0,0,0,0,60,20,30,35,15,15,25,0x0,0x0,0x0,0x0,0x0,0x0,0x0,0x0,0x0,0x0,0x0,0x0,0x0,0x0
Monster,0x255,0x2b1,0xb7,0x5f,0x0,0x4,5,0x0,1,0,0,0,0,0,0,0,0,0,0,0,0,0,0,0,0,60,20,30,35,15,15,25,0x0,0x0,0x0,0x0,0x0,0x0,0x0,0x0,0x0,0x0,0x0,0x0,0x0,0x0
Lunge Monster,0x267,0x0,0xb8,0x60,0x0,0x4,5,0x0,1,0,0,0,0,0,0,0,0,0,0,0,0,0,0,0,0,60,20,30,35,15,15,25,0x0,0x0,0x0,0x0,0x0,0x0,0x0,0x0,0x0,0x0,0x0,0x0,0x0,0x0
Final Dogs,0x267,0x0,0xb9,0x61,0x0,0x4,5,0x0,1,0,0,0,0,0,0,0,0,0,0,0,0,0,0,0,0,60,20,30,35,15,15,25,0x0,0x0,0x0,0x0,0x0,0x0,0x0,0x0,0x0,0x0,0x0,0x0,0x0,0x0
Monster,0x256,0x2b1,0xba,0x62,0x0,0x4,5,0x0,1,0,0,0,0,0,0,0,0,0,0,0,0,0,0,0,0,100,0,0,0,0,0,0,0x0,0x0,0x0,0x0,0x0,0x0,0x0,0x0,0x0,0x0,0x0,0x0,0x0,0x0
Monster,0x255,0x2b1,0xbb,0x63,0x0,0x4,5,0x0,1,0,0,0,0,0,0,0,0,0,0,0,0,0,0,0,0,60,20,30,35,15,15,25,0x0,0x0,0x0,0x0,0x0,0x0,0x0,0x0,0x0,0x0,0x0,0x0,0x0,0x0
Monster,0x255,0x2b1,0xbc,0x64,0x0,0x4,5,0x0,1,0,0,0,0,0,0,0,0,0,0,0,0,0,0,0,0,60,20,30,35,15,15,25,0x0,0x0,0x0,0x0,0x0,0x0,0x0,0x0,0x0,0x0,0x0,0x0,0x0,0x0
Ch17 Enemies,0x255,0x2b1,0xbd,0x65,0x0,0x1,5,0x0,1,0,0,0,0,0,0,0,0,0,0,0,0,0,0,0,0,60,20,30,35,15,15,25,0x0,0x0,0x0,0x0,0x0,0x0,0x0,0x0,0x0,0x0,0x0,0x0,0x0,0x0
Feditor,0x267,0x0,0xbe,0x66,0x0,0x4,5,0x0,20,0,0,0,0,0,0,10,0,0,0,0,0,0,0,0,0,60,20,30,35,15,15,25,0x0,0x0,0x0,0x0,0x0,0x0,0x80,0x0,0x0,0x0,0x0,0x0,0x0,0x0
0,0x267,0x0,0xbf,0x41,0x0,0x0,0,0x0,1,0,0,0,0,0,0,0,0,0,0,0,0,0,0,0,0,0,0,0,0,0,0,0,0x0,0x0,0x0,0x0,0x0,0x0,0x0,0x0,0x0,0x0,0x0,0x0,0x0,0x0
Frelian,0x262,0x2ba,0xc0,0x13,0x0,0x2,0,0x0,1,0,0,0,0,0,0,0,0,0,0,0,0,0,0,0,0,85,40,50,45,25,25,20,0x0,0x0,0x0,0x0,0x0,0x0,0x0,0x0,0x0,0x0,0x0,0x0,0x0,0x0
Frelian,0x262,0x2ba,0xc1,0x5,0x0,0x2,0,0x0,1,0,0,0,0,0,0,0,0,0,0,0,0,0,0,0,0,85,40,50,45,25,25,20,0x0,0x0,0x0,0x0,0x0,0x0,0x0,0x0,0x0,0x0,0x0,0x0,0x0,0x0
0,0x267,0x0,0xc2,0x41,0x0,0x0,0,0x0,1,0,0,0,0,0,0,0,0,0,0,0,0,0,0,0,0,0,0,0,0,0,0,0,0x0,0x0,0x0,0x0,0x0,0x0,0x0,0x0,0x0,0x0,0x0,0x0,0x0,0x0
0,0x267,0x0,0xc3,0x41,0x0,0x0,0,0x0,1,0,0,0,0,0,0,0,0,0,0,0,0,0,0,0,0,0,0,0,0,0,0,0,0x0,0x0,0x0,0x0,0x0,0x0,0x0,0x0,0x0,0x0,0x0,0x0,0x0,0x0
not actually ch21 boss,0x267,0x0,0xc4,0x41,0x0,0x0,0,0x0,1,0,0,0,0,0,0,0,0,0,0,0,0,0,0,0,0,0,0,0,0,0,0,0,0x0,0x0,0x0,0x0,0x0,0x0,0x0,0x0,0x0,0x0,0x0,0x0,0x0,0x0
Tatara (Ch21),0x267,0x0,0xc5,0x27,0x51,0x0,1,0x0,5,13,8,6,8,2,12,10,3,0,0,0,0,0,0,0,ARank,85,40,50,45,25,25,20,0x0,0x0,0x0,0x0,0x0,0x0,0x80,0x0,0x0,0x0,0x0,0x0,0x0,0x0
0,0x267,0x0,0xc6,0x41,0x0,0x0,0,0x0,1,0,0,0,0,0,0,0,0,0,0,0,0,0,0,0,0,0,0,0,0,0,0,0,0x0,0x0,0x0,0x0,0x0,0x0,0x0,0x0,0x0,0x0,0x0,0x0,0x0,0x0
Hayden (Frelia),0x25c,0x2b4,0xc7,0x73,0x52,0x0,7,0x0,1,0,0,0,0,0,0,0,1,0,0,0,0,0,0,0,0,85,40,50,45,25,25,20,0x0,0x0,0x0,0x0,0x0,0x0,0x0,0x0,0x0,0x0,0x0,0x0,0x0,0x0
Mansel,0x25e,0x25e,0xc8,0x7a,0x53,0x0,6,0x0,17,11,11,3,2,5,8,17,0,0,0,0,0,0,0,0,0,85,40,50,45,25,25,20,0x0,0x0,0x0,0x0,0x0,0x0,0x0,0x0,0x0,0x0,0x0,0x0,0x0,0x0
Purim's Ally (Ch. 9),0x1,0x1,0xC9,Soldier,0x0,0x2,0x0,0x0,3,10,1,5,1,2,0,0,0,0,31,0,0,0,0,0,0,0,0,0,0,0,0,0,0x0,0x0,0x0,0x0,0x0,0x0,0x0,0x0,0x0,0x0,0x0,0x0,0x0,0x0
Banana (Ch25),0x267,0x0,0xca,0x2f,0x55,0x0,5,0x0,1,18,10,10,2,0,10,30,10,0,SRank,SRank,0,0,0,0,0,85,40,50,45,25,25,20,0x0,0x0,0x0,0x0,0x0,0x0,0x80,0x0,0x0,0x0,0x0,0x0,0x0,0x0
Ismaire (Jehanna),0x260,0x2b8,0xcb,0x74,0x56,0x0,3,0x0,4,14,10,9,11,4,12,12,0,181,0,0,0,0,0,0,0,75,30,60,55,20,25,30,0x0,0x0,0x0,0x0,0x0,0x0,0x40,0x0,0x0,0x0,0x0,0x0,0x0,0x0
Blue Moon (Ch15),0x267,0x0,0xcc,0x48,0x0,0x3,3,0x0,1,0,0,0,0,0,0,0,0,0,0,0,0,0,0,0,0,85,40,50,45,25,25,20,0x0,0x0,0x0,0x0,0x0,0x0,0x40,0x0,0x0,0x0,0x0,0x0,0x0,0x0
Basement Allies,0x267,0x0,0xcd,0x9,0x0,0x2,0,0x0,1,0,0,0,0,0,0,0,0,0,0,0,0,0,0,0,0,85,40,50,45,25,25,20,0x0,0x0,0x0,0x0,0x0,0x0,0x0,0x0,0x0,0x0,0x0,0x0,0x0,0x0
Ch19 Allies,0x267,0x0,0xce,0x9,0x0,0x2,0,0x0,1,0,0,0,0,0,0,0,0,0,0,0,0,0,0,0,0,85,40,50,45,25,25,20,0x0,0x0,0x0,0x0,0x0,0x0,0x0,0x0,0x0,0x0,0x0,0x0,0x0,0x0
(Untested Beyond this point),0x267,0x0,0xcf,0x41,0x0,0x0,0,0x0,0,0,0,0,0,0,0,0,0,0,0,0,0,0,0,0,0,0,0,0,0,0,0,0,0x0,0x0,0x0,0x0,0x0,0x0,0x0,0x0,0x0,0x0,0x0,0x0,0x0,0x0
0,0x267,0x0,0xd0,0x41,0x0,0x0,0,0x0,0,0,0,0,0,0,0,0,0,0,0,0,0,0,0,0,0,0,0,0,0,0,0,0,0x0,0x0,0x0,0x0,0x0,0x0,0x0,0x0,0x0,0x0,0x0,0x0,0x0,0x0
0,0x267,0x0,0xd1,0x41,0x0,0x0,0,0x0,0,0,0,0,0,0,0,0,0,0,0,0,0,0,0,0,0,0,0,0,0,0,0,0,0x0,0x0,0x0,0x0,0x0,0x0,0x0,0x0,0x0,0x0,0x0,0x0,0x0,0x0
0,0x267,0x0,0xd2,0x41,0x0,0x0,0,0x0,0,0,0,0,0,0,0,0,0,0,0,0,0,0,0,0,0,0,0,0,0,0,0,0,0x0,0x0,0x0,0x0,0x0,0x0,0x0,0x0,0x0,0x0,0x0,0x0,0x0,0x0
0,0x267,0x0,0xd3,0x41,0x0,0x0,0,0x0,0,0,0,0,0,0,0,0,0,0,0,0,0,0,0,0,0,0,0,0,0,0,0,0,0x0,0x0,0x0,0x0,0x0,0x0,0x0,0x0,0x0,0x0,0x0,0x0,0x0,0x0
0,0x267,0x0,0xd4,0x41,0x0,0x0,0,0x0,0,0,0,0,0,0,0,0,0,0,0,0,0,0,0,0,0,0,0,0,0,0,0,0,0x0,0x0,0x0,0x0,0x0,0x0,0x0,0x0,0x0,0x0,0x0,0x0,0x0,0x0
0,0x267,0x0,0xd5,0x41,0x0,0x0,0,0x0,0,0,0,0,0,0,0,0,0,0,0,0,0,0,0,0,0,0,0,0,0,0,0,0,0x0,0x0,0x0,0x0,0x0,0x0,0x0,0x0,0x0,0x0,0x0,0x0,0x0,0x0
0,0x267,0x0,0xd6,0x41,0x0,0x0,0,0x0,0,0,0,0,0,0,0,0,0,0,0,0,0,0,0,0,0,0,0,0,0,0,0,0,0x0,0x0,0x0,0x0,0x0,0x0,0x0,0x0,0x0,0x0,0x0,0x0,0x0,0x0
0,0x267,0x0,0xd7,0x41,0x0,0x0,0,0x0,0,0,0,0,0,0,0,0,0,0,0,0,0,0,0,0,0,0,0,0,0,0,0,0,0x0,0x0,0x0,0x0,0x0,0x0,0x0,0x0,0x0,0x0,0x0,0x0,0x0,0x0
0,0x267,0x0,0xd8,0x41,0x0,0x0,0,0x0,0,0,0,0,0,0,0,0,0,0,0,0,0,0,0,0,0,0,0,0,0,0,0,0,0x0,0x0,0x0,0x0,0x0,0x0,0x0,0x0,0x0,0x0,0x0,0x0,0x0,0x0
0,0x267,0x0,0xd9,0x41,0x0,0x0,0,0x0,0,0,0,0,0,0,0,0,0,0,0,0,0,0,0,0,0,0,0,0,0,0,0,0,0x0,0x0,0x0,0x0,0x0,0x0,0x0,0x0,0x0,0x0,0x0,0x0,0x0,0x0
0,0x267,0x0,0xda,0x41,0x0,0x0,0,0x0,0,0,0,0,0,0,0,0,0,0,0,0,0,0,0,0,0,0,0,0,0,0,0,0,0x0,0x0,0x0,0x0,0x0,0x0,0x0,0x0,0x0,0x0,0x0,0x0,0x0,0x0
0,0x267,0x0,0xdb,0x41,0x0,0x0,0,0x0,0,0,0,0,0,0,0,0,0,0,0,0,0,0,0,0,0,0,0,0,0,0,0,0,0x0,0x0,0x0,0x0,0x0,0x0,0x0,0x0,0x0,0x0,0x0,0x0,0x0,0x0
0,0x267,0x0,0xdc,0x41,0x0,0x0,0,0x0,0,0,0,0,0,0,0,0,0,0,0,0,0,0,0,0,0,0,0,0,0,0,0,0,0x0,0x0,0x0,0x0,0x0,0x0,0x0,0x0,0x0,0x0,0x0,0x0,0x0,0x0
0,0x267,0x0,0xdd,0x41,0x0,0x0,0,0x0,0,0,0,0,0,0,0,0,0,0,0,0,0,0,0,0,0,0,0,0,0,0,0,0,0x0,0x0,0x0,0x0,0x0,0x0,0x0,0x0,0x0,0x0,0x0,0x0,0x0,0x0
0,0x267,0x0,0xde,0x41,0x0,0x0,0,0x0,0,0,0,0,0,0,0,0,0,0,0,0,0,0,0,0,0,0,0,0,0,0,0,0,0x0,0x0,0x0,0x0,0x0,0x0,0x0,0x0,0x0,0x0,0x0,0x0,0x0,0x0
0,0x267,0x0,0xdf,0x41,0x0,0x0,0,0x0,0,0,0,0,0,0,0,0,0,0,0,0,0,0,0,0,0,0,0,0,0,0,0,0,0x0,0x0,0x0,0x0,0x0,0x0,0x0,0x0,0x0,0x0,0x0,0x0,0x0,0x0
0,0x267,0x0,0xe0,0x41,0x0,0x0,0,0x0,0,0,0,0,0,0,0,0,0,0,0,0,0,0,0,0,0,0,0,0,0,0,0,0,0x0,0x0,0x0,0x0,0x0,0x0,0x0,0x0,0x0,0x0,0x0,0x0,0x0,0x0
0,0x267,0x0,0xe1,0x41,0x0,0x0,0,0x0,0,0,0,0,0,0,0,0,0,0,0,0,0,0,0,0,0,0,0,0,0,0,0,0,0x0,0x0,0x0,0x0,0x0,0x0,0x0,0x0,0x0,0x0,0x0,0x0,0x0,0x0
0,0x267,0x0,0xe2,0x41,0x0,0x0,0,0x0,0,0,0,0,0,0,0,0,0,0,0,0,0,0,0,0,0,0,0,0,0,0,0,0,0x0,0x0,0x0,0x0,0x0,0x0,0x0,0x0,0x0,0x0,0x0,0x0,0x0,0x0
0,0x267,0x0,0xe3,0x41,0x0,0x0,0,0x0,0,0,0,0,0,0,0,0,0,0,0,0,0,0,0,0,0,0,0,0,0,0,0,0,0x0,0x0,0x0,0x0,0x0,0x0,0x0,0x0,0x0,0x0,0x0,0x0,0x0,0x0
0,0x267,0x0,0xe4,0x41,0x0,0x0,0,0x0,0,0,0,0,0,0,0,0,0,0,0,0,0,0,0,0,0,0,0,0,0,0,0,0,0x0,0x0,0x0,0x0,0x0,0x0,0x0,0x0,0x0,0x0,0x0,0x0,0x0,0x0
0,0x267,0x0,0xe5,0x41,0x0,0x0,0,0x0,0,0,0,0,0,0,0,0,0,0,0,0,0,0,0,0,0,0,0,0,0,0,0,0,0x0,0x0,0x0,0x0,0x0,0x0,0x0,0x0,0x0,0x0,0x0,0x0,0x0,0x0
0,0x267,0x0,0xe6,0x41,0x0,0x0,0,0x0,0,0,0,0,0,0,0,0,0,0,0,0,0,0,0,0,0,0,0,0,0,0,0,0,0x0,0x0,0x0,0x0,0x0,0x0,0x0,0x0,0x0,0x0,0x0,0x0,0x0,0x0
0,0x267,0x0,0xe7,0x41,0x0,0x0,0,0x0,0,0,0,0,0,0,0,0,0,0,0,0,0,0,0,0,0,0,0,0,0,0,0,0,0x0,0x0,0x0,0x0,0x0,0x0,0x0,0x0,0x0,0x0,0x0,0x0,0x0,0x0
0,0x267,0x0,0xe8,0x41,0x0,0x0,0,0x0,0,0,0,0,0,0,0,0,0,0,0,0,0,0,0,0,0,0,0,0,0,0,0,0,0x0,0x0,0x0,0x0,0x0,0x0,0x0,0x0,0x0,0x0,0x0,0x0,0x0,0x0
0,0x267,0x0,0xe9,0x41,0x0,0x0,0,0x0,0,0,0,0,0,0,0,0,0,0,0,0,0,0,0,0,0,0,0,0,0,0,0,0,0x0,0x0,0x0,0x0,0x0,0x0,0x0,0x0,0x0,0x0,0x0,0x0,0x0,0x0
0,0x267,0x0,0xea,0x41,0x0,0x0,0,0x0,0,0,0,0,0,0,0,0,0,0,0,0,0,0,0,0,0,0,0,0,0,0,0,0,0x0,0x0,0x0,0x0,0x0,0x0,0x0,0x0,0x0,0x0,0x0,0x0,0x0,0x0
0,0x267,0x0,0xeb,0x41,0x0,0x0,0,0x0,0,0,0,0,0,0,0,0,0,0,0,0,0,0,0,0,0,0,0,0,0,0,0,0,0x0,0x0,0x0,0x0,0x0,0x0,0x0,0x0,0x0,0x0,0x0,0x0,0x0,0x0
0,0x267,0x0,0xec,0x41,0x0,0x0,0,0x0,0,0,0,0,0,0,0,0,0,0,0,0,0,0,0,0,0,0,0,0,0,0,0,0,0x0,0x0,0x0,0x0,0x0,0x0,0x0,0x0,0x0,0x0,0x0,0x0,0x0,0x0
0,0x267,0x0,0xed,0x41,0x0,0x0,0,0x0,0,0,0,0,0,0,0,0,0,0,0,0,0,0,0,0,0,0,0,0,0,0,0,0,0x0,0x0,0x0,0x0,0x0,0x0,0x0,0x0,0x0,0x0,0x0,0x0,0x0,0x0
0,0x267,0x0,0xee,0x41,0x0,0x0,0,0x0,0,0,0,0,0,0,0,0,0,0,0,0,0,0,0,0,0,0,0,0,0,0,0,0,0x0,0x0,0x0,0x0,0x0,0x0,0x0,0x0,0x0,0x0,0x0,0x0,0x0,0x0
0,0x267,0x0,0xef,0x41,0x0,0x0,0,0x0,0,0,0,0,0,0,0,0,0,0,0,0,0,0,0,0,0,0,0,0,0,0,0,0,0x0,0x0,0x0,0x0,0x0,0x0,0x0,0x0,0x0,0x0,0x0,0x0,0x0,0x0
0,0x267,0x0,0xf0,0x41,0x0,0x0,0,0x0,0,0,0,0,0,0,0,0,0,0,0,0,0,0,0,0,0,0,0,0,0,0,0,0,0x0,0x0,0x0,0x0,0x0,0x0,0x0,0x0,0x0,0x0,0x0,0x0,0x0,0x0
0,0x267,0x0,0xf1,0x41,0x0,0x0,0,0x0,0,0,0,0,0,0,0,0,0,0,0,0,0,0,0,0,0,0,0,0,0,0,0,0,0x0,0x0,0x0,0x0,0x0,0x0,0x0,0x0,0x0,0x0,0x0,0x0,0x0,0x0
0,0x267,0x0,0xf2,0x41,0x0,0x0,0,0x0,0,0,0,0,0,0,0,0,0,0,0,0,0,0,0,0,0,0,0,0,0,0,0,0,0x0,0x0,0x0,0x0,0x0,0x0,0x0,0x0,0x0,0x0,0x0,0x0,0x0,0x0
0,0x267,0x0,0xf3,0x41,0x0,0x0,0,0x0,0,0,0,0,0,0,0,0,0,0,0,0,0,0,0,0,0,0,0,0,0,0,0,0,0x0,0x0,0x0,0x0,0x0,0x0,0x0,0x0,0x0,0x0,0x0,0x0,0x0,0x0
0,0x266,0x2bd,0xf4,0x6d,0x0,0x5,0,0x0,1,0,0,0,0,2,0,0,0,0,0,0,0,0,0,0,0,85,25,60,10,15,15,25,0x0,0x0,0x0,0x0,0x0,0x0,0x0,0x0,0x0,0x0,0x0,0x0,0x0,0x0
0,0x266,0x2bd,0xf5,0x6e,0x0,0x5,0,0x0,1,0,0,0,0,2,0,0,0,0,0,0,0,0,0,0,0,85,25,60,10,15,15,25,0x0,0x0,0x0,0x0,0x0,0x0,0x40,0x0,0x0,0x0,0x0,0x0,0x0,0x0
Ch15 Allies,0x266,0x0,0xf6,0x6f,0x0,0x5,0,0x0,1,0,0,0,0,2,0,0,0,0,0,0,0,0,0,0,0,85,25,60,10,15,15,25,0x0,0x0,0x0,0x0,0x0,0x0,0x0,0x0,0x0,0x0,0x0,0x0,0x0,0x0
0,0x266,0x2bd,0xf7,0x70,0x0,0x5,0,0x0,1,0,0,0,0,2,0,0,0,0,0,0,0,0,0,0,0,85,25,60,10,15,15,25,0x0,0x0,0x0,0x0,0x0,0x0,0x40,0x0,0x0,0x0,0x0,0x0,0x0,0x0
0,0x266,0x2bd,0xf8,0x6d,0x0,0x5,0,0x0,1,0,0,0,0,2,0,0,0,0,0,0,0,0,0,0,0,85,25,60,10,15,15,25,0x0,0x0,0x0,0x0,0x0,0x0,0x0,0x0,0x0,0x0,0x0,0x0,0x0,0x0
0,0x265,0x2bc,0xf9,0x6e,0x0,0x5,0,0x0,1,0,0,0,0,2,0,0,0,0,0,0,0,0,0,0,0,85,25,60,10,15,15,25,0x0,0x0,0x0,0x0,0x0,0x0,0x40,0x0,0x0,0x0,0x0,0x0,0x0,0x0
0,0x265,0x2bc,0xfa,0x71,0x0,0x5,0,0x0,1,0,0,0,0,2,0,0,0,0,0,0,0,0,0,0,0,85,25,60,10,15,15,25,0x0,0x0,0x0,0x0,0x0,0x0,0x0,0x0,0x0,0x0,0x0,0x0,0x0,0x0
0,0x265,0x2bc,0xfb,0x72,0x0,0x5,0,0x0,1,0,0,0,0,2,0,0,0,0,0,0,0,0,0,0,0,85,25,60,10,15,15,25,0x0,0x0,0x0,0x0,0x0,0x0,0x40,0x0,0x0,0x0,0x0,0x0,0x0,0x0
0,0x264,0x0,0xfc,0x71,0x0,0x5,0,0x0,1,0,0,0,0,2,0,0,0,0,0,0,0,0,0,0,0,85,25,60,10,15,15,25,0x0,0x0,0x0,0x0,0x0,0x0,0x0,0x0,0x0,0x0,0x3,0x0,0x0,0x0
0,0x267,0x0,0xfd,0x41,0x0,0x0,0,0x0,0,0,0,0,0,0,0,0,0,0,0,0,0,0,0,0,0,0,0,0,0,0,0,0,0x0,0x0,0x0,0x0,0x0,0x0,0x0,0x0,0x0,0x0,0x0,0x0,0x0,0x0
0,0x268,0x0,0xfe,0x41,0x0,0x0,0,0x0,0,0,0,0,0,0,0,0,0,0,0,0,0,0,0,0,0,0,0,0,0,0,0,0,0x0,0x0,0x0,0x0,0x0,0x0,0x0,0x0,0x0,0x0,0x0,0x0,0x0,0x0
0,0x269,0x0,0xff,0x41,0x0,0x0,0,0x0,0,0,0,0,0,0,0,0,0,0,0,0,0,0,0,0,0,0,0,0,0,0,0,0,0x0,0x0,0x0,0x0,0x0,0x0,0x0,0x0,0x0,0x0,0x0,0x0,0x0,0x0
